{
  "mae": 0.2797646094700331,
  "rmse": 0.387177823975903,
  "r2": 0.910451215206719,
  "pi90_coverage_raw": 0.7580722891566265,
  "pi90_coverage_conformal": 0.8718072289156626,
  "pi90_width_raw": 0.9017158387010625,
  "pi90_width_conformal": 1.1740998951741826,
  "conformal_q": 0.13619202823656004,
  "n_train": 6222,
  "n_cal": 2074,
  "n_test": 2075
}