{
  "mae": 0.2702869177686158,
  "rmse": 0.37352101288220574,
  "r2": 0.9147953926498602,
  "pi90_coverage_raw": 0.7714285714285715,
  "pi90_coverage_conformal": 0.8857142857142857,
  "pi90_width_raw": 0.9100310365523715,
  "pi90_width_conformal": 1.2109648145504435,
  "conformal_q": 0.15046688899903593,
  "n_train": 6297,
  "n_cal": 2100,
  "n_test": 2100
}