{
  "mae": 0.27216168237590627,
  "rmse": 0.3799123807982765,
  "r2": 0.914411620338598,
  "pi90_coverage_raw": 0.7697841726618705,
  "pi90_coverage_conformal": 0.8839328537170263,
  "pi90_width_raw": 0.9151391372504204,
  "pi90_width_conformal": 1.1907561584773196,
  "conformal_q": 0.13780851061344945,
  "n_train": 6254,
  "n_cal": 2085,
  "n_test": 2085
}