{
  "mae": 0.2700289881468808,
  "rmse": 0.38397760977977885,
  "r2": 0.8989510377897326,
  "pi90_coverage_raw": 0.7678150070788108,
  "pi90_coverage_conformal": 0.8702218027371401,
  "pi90_width_raw": 0.9313185282089951,
  "pi90_width_conformal": 1.1564481479531115,
  "conformal_q": 0.11256480987205808,
  "n_train": 6355,
  "n_cal": 2119,
  "n_test": 2119
}