{
  "mae": 0.27570962610547034,
  "rmse": 0.381962466393439,
  "r2": 0.9128773961171918,
  "pi90_coverage_raw": 0.7875894988066826,
  "pi90_coverage_conformal": 0.8749403341288783,
  "pi90_width_raw": 0.9488952559531424,
  "pi90_width_conformal": 1.1972239729146987,
  "conformal_q": 0.12416435848077828,
  "n_train": 6284,
  "n_cal": 2095,
  "n_test": 2095
}