{
  "mae": 0.2757742953506481,
  "rmse": 0.3867767596461134,
  "r2": 0.9085568113262052,
  "pi90_coverage_raw": 0.760806916426513,
  "pi90_coverage_conformal": 0.8631123919308358,
  "pi90_width_raw": 0.8843950397445989,
  "pi90_width_conformal": 1.1210082695869363,
  "conformal_q": 0.11830661492116867,
  "n_train": 6244,
  "n_cal": 2082,
  "n_test": 2082
}