{
  "mae": 0.2714851836779346,
  "rmse": 0.38063304092318323,
  "r2": 0.9124604825801558,
  "pi90_coverage_raw": 0.7608906098741529,
  "pi90_coverage_conformal": 0.8635043562439496,
  "pi90_width_raw": 0.88676713167372,
  "pi90_width_conformal": 1.129272879301004,
  "conformal_q": 0.12125287381364191,
  "n_train": 6195,
  "n_cal": 2066,
  "n_test": 2066
}