{
  "mae": 0.2708384180149192,
  "rmse": 0.37706236884721,
  "r2": 0.9144832970729004,
  "pi90_coverage_raw": 0.762752646775746,
  "pi90_coverage_conformal": 0.8724735322425409,
  "pi90_width_raw": 0.9081485170421623,
  "pi90_width_conformal": 1.1723292659649616,
  "conformal_q": 0.13209037446139962,
  "n_train": 6233,
  "n_cal": 2078,
  "n_test": 2078
}