{
  "mae": 0.27636186626049736,
  "rmse": 0.38309714369190323,
  "r2": 0.9139321513566969,
  "pi90_coverage_raw": 0.7402784445511282,
  "pi90_coverage_conformal": 0.8795007201152184,
  "pi90_width_raw": 0.8756593722275036,
  "pi90_width_conformal": 1.1687915323082247,
  "conformal_q": 0.14656608004036054,
  "n_train": 6249,
  "n_cal": 2083,
  "n_test": 2083
}