{
  "mae": 0.2745406936443221,
  "rmse": 0.38145412858734445,
  "r2": 0.9132116020840323,
  "pi90_coverage_raw": 0.769416304872166,
  "pi90_coverage_conformal": 0.8779546550892426,
  "pi90_width_raw": 0.8974047911825789,
  "pi90_width_conformal": 1.1612904431819482,
  "conformal_q": 0.13194282599968465,
  "n_train": 6219,
  "n_cal": 2073,
  "n_test": 2073
}