{
  "mae": 0.26828375772970164,
  "rmse": 0.3698010486414208,
  "r2": 0.918771432271991,
  "pi90_coverage_raw": 0.7642822851656265,
  "pi90_coverage_conformal": 0.8910225636101776,
  "pi90_width_raw": 0.8947031637994896,
  "pi90_width_conformal": 1.1941100019184676,
  "conformal_q": 0.14970341905948903,
  "n_train": 6246,
  "n_cal": 2082,
  "n_test": 2083
}