{
  "mae": 0.26507408013513073,
  "rmse": 0.3709167532163092,
  "r2": 0.914712782191934,
  "pi90_coverage_raw": 0.790485343584815,
  "pi90_coverage_conformal": 0.897164824603556,
  "pi90_width_raw": 0.967483678041184,
  "pi90_width_conformal": 1.2567472299912252,
  "conformal_q": 0.14463177597502064,
  "n_train": 6241,
  "n_cal": 2081,
  "n_test": 2081
}