{
  "mae": 0.2721445876006462,
  "rmse": 0.3747693647738918,
  "r2": 0.905483604581607,
  "pi90_coverage_raw": 0.7451073985680191,
  "pi90_coverage_conformal": 0.867780429594272,
  "pi90_width_raw": 0.9172186655143932,
  "pi90_width_conformal": 1.1483531506156557,
  "conformal_q": 0.11556724255063122,
  "n_train": 6282,
  "n_cal": 2094,
  "n_test": 2095
}