{
  "mae": 0.2801076409178163,
  "rmse": 0.3866147545004942,
  "r2": 0.8995295964062311,
  "pi90_coverage_raw": 0.7571701720841301,
  "pi90_coverage_conformal": 0.8575525812619503,
  "pi90_width_raw": 0.9419537911364144,
  "pi90_width_conformal": 1.160329678131793,
  "conformal_q": 0.10918794349768923,
  "n_train": 6276,
  "n_cal": 2092,
  "n_test": 2092
}