{
  "mae": 0.27534018238600155,
  "rmse": 0.38318633120758855,
  "r2": 0.9107352430345776,
  "pi90_coverage_raw": 0.77496346809547,
  "pi90_coverage_conformal": 0.8753044325377496,
  "pi90_width_raw": 0.933523587992222,
  "pi90_width_conformal": 1.177445037351106,
  "conformal_q": 0.12196072467944202,
  "n_train": 6159,
  "n_cal": 2053,
  "n_test": 2053
}