{
  "mae": 0.27381583920987446,
  "rmse": 0.38724319185733297,
  "r2": 0.9085898141425627,
  "pi90_coverage_raw": 0.7678571428571429,
  "pi90_coverage_conformal": 0.874034749034749,
  "pi90_width_raw": 0.8941850099022453,
  "pi90_width_conformal": 1.1529823761844422,
  "conformal_q": 0.12939868314109848,
  "n_train": 6215,
  "n_cal": 2072,
  "n_test": 2072
}