{
  "mae": 0.26565944744955744,
  "rmse": 0.3684404226297698,
  "r2": 0.9124038257819871,
  "pi90_coverage_raw": 0.7779383429672447,
  "pi90_coverage_conformal": 0.9002890173410405,
  "pi90_width_raw": 0.9367101395878549,
  "pi90_width_conformal": 1.2653766318095425,
  "conformal_q": 0.16433324611084377,
  "n_train": 6226,
  "n_cal": 2076,
  "n_test": 2076
}