{
  "mae": 0.269936602673208,
  "rmse": 0.3800552195452409,
  "r2": 0.9125404569759277,
  "pi90_coverage_raw": 0.7634774162214667,
  "pi90_coverage_conformal": 0.8776104905293832,
  "pi90_width_raw": 0.8676452598589435,
  "pi90_width_conformal": 1.122097210766487,
  "conformal_q": 0.12722597545377184,
  "n_train": 6175,
  "n_cal": 2059,
  "n_test": 2059
}