{
  "mae": 0.2779706175700437,
  "rmse": 0.3869815159394784,
  "r2": 0.9081405956902275,
  "pi90_coverage_raw": 0.7361111111111112,
  "pi90_coverage_conformal": 0.867816091954023,
  "pi90_width_raw": 0.8603500903086738,
  "pi90_width_conformal": 1.1278215116469805,
  "conformal_q": 0.13373571066915346,
  "n_train": 6262,
  "n_cal": 2088,
  "n_test": 2088
}