{
  "mae": 0.2781292994175274,
  "rmse": 0.38815308836129186,
  "r2": 0.9079875453552222,
  "pi90_coverage_raw": 0.7501199040767386,
  "pi90_coverage_conformal": 0.8628297362110312,
  "pi90_width_raw": 0.9040105589737947,
  "pi90_width_conformal": 1.1426674042641876,
  "conformal_q": 0.1193284226451965,
  "n_train": 6252,
  "n_cal": 2084,
  "n_test": 2085
}