{
  "mae": 0.2766338572226067,
  "rmse": 0.3832782529975814,
  "r2": 0.9127787154616155,
  "pi90_coverage_raw": 0.7668269230769231,
  "pi90_coverage_conformal": 0.8759615384615385,
  "pi90_width_raw": 0.9395139251864105,
  "pi90_width_conformal": 1.1862203186852083,
  "conformal_q": 0.12335319674939893,
  "n_train": 6238,
  "n_cal": 2080,
  "n_test": 2080
}