{
  "mae": 0.2771258459673335,
  "rmse": 0.3832430468193025,
  "r2": 0.9008042337990815,
  "pi90_coverage_raw": 0.7268806899856253,
  "pi90_coverage_conformal": 0.8509822712026833,
  "pi90_width_raw": 0.8631811944926924,
  "pi90_width_conformal": 1.1104724124910863,
  "conformal_q": 0.12364560899919685,
  "n_train": 6258,
  "n_cal": 2086,
  "n_test": 2087
}