{
  "mae": 0.2749923573314069,
  "rmse": 0.3813422711888813,
  "r2": 0.9139555650143918,
  "pi90_coverage_raw": 0.7604416706673067,
  "pi90_coverage_conformal": 0.8679788766202592,
  "pi90_width_raw": 0.8894653058541898,
  "pi90_width_conformal": 1.13302310179781,
  "conformal_q": 0.12177889797181018,
  "n_train": 6247,
  "n_cal": 2083,
  "n_test": 2083
}