{
  "mae": 0.2779829461389593,
  "rmse": 0.3853905311633083,
  "r2": 0.9051819567029175,
  "pi90_coverage_raw": 0.7527498804399809,
  "pi90_coverage_conformal": 0.8589191774270684,
  "pi90_width_raw": 0.9174070267814752,
  "pi90_width_conformal": 1.1378077646285671,
  "conformal_q": 0.11020036892354601,
  "n_train": 6271,
  "n_cal": 2091,
  "n_test": 2091
}