{
  "mae": 0.2770391920429945,
  "rmse": 0.38173357556089643,
  "r2": 0.9135163323389767,
  "pi90_coverage_raw": 0.7593301435406699,
  "pi90_coverage_conformal": 0.8755980861244019,
  "pi90_width_raw": 0.9005251458526201,
  "pi90_width_conformal": 1.1792767411257472,
  "conformal_q": 0.13937579763656358,
  "n_train": 6267,
  "n_cal": 2089,
  "n_test": 2090
}