{
  "mae": 0.2765889399390355,
  "rmse": 0.3840751607857535,
  "r2": 0.9080675167284679,
  "pi90_coverage_raw": 0.7594452415112386,
  "pi90_coverage_conformal": 0.8546150167384027,
  "pi90_width_raw": 0.9155227459916978,
  "pi90_width_conformal": 1.1297665082714141,
  "conformal_q": 0.10712188113985821,
  "n_train": 6271,
  "n_cal": 2091,
  "n_test": 2091
}