{
  "mae": 0.2687854303211545,
  "rmse": 0.37603579114675867,
  "r2": 0.9155296427887731,
  "pi90_coverage_raw": 0.7681228996639462,
  "pi90_coverage_conformal": 0.8814210273643783,
  "pi90_width_raw": 0.9180125135761092,
  "pi90_width_conformal": 1.1827724538369824,
  "conformal_q": 0.13237997013043645,
  "n_train": 6246,
  "n_cal": 2082,
  "n_test": 2083
}