{
  "mae": 0.27495264737613123,
  "rmse": 0.38514670390665456,
  "r2": 0.9100843812264225,
  "pi90_coverage_raw": 0.754835589941973,
  "pi90_coverage_conformal": 0.8737911025145068,
  "pi90_width_raw": 0.8736903712182547,
  "pi90_width_conformal": 1.1462142705203902,
  "conformal_q": 0.13626194965106775,
  "n_train": 6202,
  "n_cal": 2068,
  "n_test": 2068
}