{
  "mae": 0.2746886237253067,
  "rmse": 0.38449784495872097,
  "r2": 0.9044604438436492,
  "pi90_coverage_raw": 0.729276473406804,
  "pi90_coverage_conformal": 0.859127934834691,
  "pi90_width_raw": 0.8481561153613114,
  "pi90_width_conformal": 1.1024393831345787,
  "conformal_q": 0.12714163388663358,
  "n_train": 6261,
  "n_cal": 2087,
  "n_test": 2087
}