{
  "mae": 0.26632842864462947,
  "rmse": 0.36589515195161804,
  "r2": 0.9180197141605039,
  "pi90_coverage_raw": 0.7872544321993292,
  "pi90_coverage_conformal": 0.8950646861523718,
  "pi90_width_raw": 0.9380613960083611,
  "pi90_width_conformal": 1.2363979500746058,
  "conformal_q": 0.1491682770331222,
  "n_train": 6259,
  "n_cal": 2087,
  "n_test": 2087
}