{
  "mae": 0.27333315356589455,
  "rmse": 0.38045194315739794,
  "r2": 0.9107667055581156,
  "pi90_coverage_raw": 0.7437137330754352,
  "pi90_coverage_conformal": 0.867504835589942,
  "pi90_width_raw": 0.8653779448307646,
  "pi90_width_conformal": 1.1372820423210703,
  "conformal_q": 0.13595204874515288,
  "n_train": 6204,
  "n_cal": 2068,
  "n_test": 2068
}