{
  "mae": 0.26628696704998095,
  "rmse": 0.3689524936194388,
  "r2": 0.9087640634152685,
  "pi90_coverage_raw": 0.8102366006760019,
  "pi90_coverage_conformal": 0.9111540318686625,
  "pi90_width_raw": 1.0038407230769606,
  "pi90_width_conformal": 1.3200859293224367,
  "conformal_q": 0.15812260312273807,
  "n_train": 6210,
  "n_cal": 2070,
  "n_test": 2071
}