{
  "mae": 0.2745980677368792,
  "rmse": 0.38391329993789247,
  "r2": 0.910949662922397,
  "pi90_coverage_raw": 0.7432562620423893,
  "pi90_coverage_conformal": 0.8603082851637764,
  "pi90_width_raw": 0.8688327529229986,
  "pi90_width_conformal": 1.121837612439379,
  "conformal_q": 0.12650242975819026,
  "n_train": 6227,
  "n_cal": 2076,
  "n_test": 2076
}